Account Name,Account Stage,Account Website
Pfizer,,
AbbVie,,
Bristol Myers Squibb,,
Eli Lilly,,
Merck,,
Catalent,,
Lonza,,
Patheon,,
Aenova,,
Recipharm,,
Teva USA,,
Mylan,,
Amneal Pharmaceuticals,,
Lupin Pharmaceuticals,,
Sun Pharma USA,,
Haleon,,
Perrigo,,
Church & Dwight,,
Johnson & Johnson Consumer,,
Bayer Consumer Health,,
Nature's Way,,
NOW Foods,,
GNC,,
Herbalife Nutrition,,
Jamieson Wellness,,
Zoetis,,
Elanco,,
Boehringer Ingelheim Animal Health,,
Merck Animal Health,,
Ceva Animal Health,,
Ferrara Candy,,
Perfetti Van Melle USA,,
Hershey,,
Mars Wrigley,,
Tootsie Roll Industries,,
Cargill,,
ADM,,
Ingredion,,
Tate & Lyle,,
Kerry Group,,
PPG Industries,,
Axiall,,
Olin Corporation,,
Arch Chemicals,,
Hydrite Chemical,,
Procter & Gamble,,
Reckitt,,
Unilever,,
Ecolab,,
Clorox,,
BASF,,
Johnson Matthey,,
Clariant,,
Albemarle,,
W R Grace,,
Calgon Carbon,,
Cabot Corporation,,
Kuraray,,
Donau Carbon,,
ADA Carbon Solutions,,
Dow,,
DuPont,,
Eastman Chemical,,
Arkema,,
Evonik,,
Corteva,,
FMC Corporation,,
Syngenta USA,,
Bayer Crop Science,,
Nufarm Americas,,
Nutrien,,
Mosaic,,
CF Industries,,
Yara North America,,
Helena Agri-Enterprises,,
GKN Powder Metallurgy,,
Höganäs,,
Miba,,
AMETEK,,
Rio Tinto Metal Powders,,
Kennametal,,
Sandvik,,
OSG USA,,
CeramTec,,
Element Six,,
CoorsTek,,
Kyocera,,
CeramTec,,
Morgan Advanced Materials,,
Saint-Gobain Ceramics,,
Hitachi Metals USA,,
VACUUMSCHMELZE,,
Arnold Magnetic,,
Electron Energy,,
Dexter Magnetic,,
Albemarle,,
3M,,
Umicore USA,,
Livent,,
Ascend Elements,,
Estée Lauder,,
L'Oréal USA,,
Coty,,
Revlon,,
Mary Kay,,
SC Johnson,,
Reckitt,,
Procter & Gamble,,
Church & Dwight,,
Henkel,,
RUF Briquetting,,
WEIMA,,
Metso,,
Komarek,,
Bepex,,
Sims Metal,,
Republic Services,,
Waste Management,,
Veolia,,
Clean Harbors,,
Freeport-McMoRan,,
Rio Tinto,,
Newmont,,
Hecla Mining,,
MP Materials,,
Orica,,
Dyno Nobel,,
Austin Powder,,
Ensign-Bickford,,
Chemring,,
Northrop Grumman,,
Aerojet Rocketdyne,,
General Dynamics,,
L3Harris,,
BAE Systems,,
BorgWarner,,
Federal-Mogul,,
GKN Automotive,,
Schaeffler,,
Magna,,
GE Aerospace,,
Pratt & Whitney,,
Howmet Aerospace,,
Spirit AeroSystems,,
Safran USA,,
Medtronic,,
Stryker,,
Zimmer Biomet,,
Boston Scientific,,
Abbott Medical,,
PPD,,
Charles River Laboratories,,
Eurofins Scientific,,
Cambrex,,
Curia,,
MIT,,
Purdue University,,
NC State University,,
University of Minnesota,,
University of Wisconsin,,
Intertek,,
SGS,,
Eurofins,,
Element Materials,,
NELSON Labs,,
Wilson Tool,,
Mate Precision,,
Danly,,
Anchor Danly,,
Ohio Tool Systems,,
Rockwell Automation,,
Siemens USA,,
Emerson,,
ABB USA,,
Schneider Electric,,
Dow,,
BASF,,
LyondellBasell,,
Westlake Chemical,,
OxyChem,,
West Pharmaceutical,,
Amcor,,
Berry Global,,
Catalent Packaging,,
PCI Pharma,,
MuscleTech,,
Optimum Nutrition,,
BSN,,
Dymatize,,
Redcon1,,
Nutramax,,
Zesty Paws,,
VetriScience,,
NaturVet,,
PetHonesty,,
DSM,,
Kemin Industries,,
Alltech,,
Adisseo,,
Novus International,,
Air Products,,
Linde,,
Air Liquide,,
Praxair,,
Matheson,,
Cabot,,
Calgon Carbon,,
Jacobi Carbons,,
Carbon Activated,,
Kuraray,,
Avient,,
Ampacet,,
Clariant,,
PolyOne,,
Plastiblends,,
LANXESS,,
Eastman Chemical,,
Arkema,,
Solvay,,
Nouryon,,
Carpenter Additive,,
Höganäs AM,,
EOS,,
Sandvik AM,,
Tekna,,
Sika,,
BASF Construction,,
GCP Applied Technologies,,
RPM International,,
MAPEI,,
Mohawk Industries,,
RHI Magnesita,,
HarbisonWalker,,
Saint-Gobain,,
Imerys,,
Corning,,
3M,,
Saint-Gobain,,
Norton Abrasives,,
Washington Mills,,
ExxonMobil,,
Chevron,,
Shell Lubricants,,
Klüber Lubrication,,
TotalEnergies,,
Dentsply Sirona,,
Ivoclar,,
3M Dental,,
Henry Schein,,
Envista Holdings,,
